REGION	POS	REF	ALT	REF_DP	REF_RV	REF_QUAL	ALT_DP	ALT_RV	ALT_QUAL	ALT_FREQ	TOTAL_DP	PVAL	PASS
MN908947.3	241	C	T	15	0	38	1572	807	37	0.990548	1587	0	TRUE
MN908947.3	3037	C	T	0	0	0	913	445	38	1	913	0	TRUE
MN908947.3	14408	C	T	31	0	37	3795	1777	38	0.991898	3826	0	TRUE
MN908947.3	18814	C	T	2	0	39	3487	1848	38	0.999427	3489	0	TRUE
MN908947.3	23403	A	G	2	2	35	7711	3884	37	0.999741	7713	0	TRUE
